cnc;Dificil;Video-52-Arquitectura.txt;6485;3;11;1
foélica;Dificil;Video-52-Arquitectura.txt;8712;7;17;2
jalaba;Dificil;Video-54-Arquitectura.txt;654;6;2;1
seprvive;Dificil;Video-54-Arquitectura.txt;1818;8;4;2
ciprés;Dificil;Video-54-Arquitectura.txt;1848;6;4;1
pinito;Dificil;Video-54-Arquitectura.txt;1878;6;4;1
hepatización;Dificil;Video-54-Arquitectura.txt;3479;12;6;3
atañe;Dificil;Video-15-Contaduria Publica Autorizada.txt;294;5;4;3
psicométrico;Dificil;Video-15-Contaduria Publica Autorizada.txt;2918;12;22;3
preliminar;Dificil;Video-15-Contaduria Publica Autorizada.txt;4538;10;28;1
fungirá;Dificil;Video-15-Contaduria Publica Autorizada.txt;6656;7;38;1
costes;Dificil;Video-18-Contaduria Publica Autorizada.txt;825;6;7;2
priori;Dificil;Video-18-Contaduria Publica Autorizada.txt;1669;6;12;2
racionalmente;Dificil;Video-18-Contaduria Publica Autorizada.txt;2138;13;15;2
coste;Dificil;Video-18-Contaduria Publica Autorizada.txt;3895;5;24;1
umbrales;Dificil;Video-18-Contaduria Publica Autorizada.txt;4286;8;25;3
rubro;Dificil;Video-45-Contaduria Publica Autorizada.txt;1082;5;4;1
operativas;Dificil;Video-45-Contaduria Publica Autorizada.txt;2597;10;8;1
acciones;Dificil;Video-45-Contaduria Publica Autorizada.txt;11449;8;32;1
dividendos;Dificil;Video-45-Contaduria Publica Autorizada.txt;11491;10;32;1
abordaje;Dificil;Video-35-Contaduria Publica Autorizada.txt;3721;8;11;3
heterónoma;Dificil;Video-21-Psicologia.txt;3387;10;13;1
dislexia;Dificil;Video-21-Psicologia.txt;5388;8;27;1
fitología;Dificil;Video-11-Ciencias Agrarias.txt;39;9;1;1
phyton;Dificil;Video-11-Ciencias Agrarias.txt;213;8;3;1
histología;Dificil;Video-11-Ciencias Agrarias.txt;1436;10;16;1
algologí;Dificil;Video-11-Ciencias Agrarias.txt;1924;8;20;1
liquenología;Dificil;Video-11-Ciencias Agrarias.txt;2003;12;22;1
briología;Dificil;Video-11-Ciencias Agrarias.txt;2042;9;23;1
pteridologí;Dificil;Video-11-Ciencias Agrarias.txt;2104;11;24;1
pteridología;Dificil;Video-11-Ciencias Agrarias.txt;2104;12;24;1
criptogamia;Dificil;Video-11-Ciencias Agrarias.txt;2228;11;25;2
fanerogamia;Dificil;Video-11-Ciencias Agrarias.txt;2313;11;25;2
fitocorología;Dificil;Video-11-Ciencias Agrarias.txt;2518;13;27;1
fitocenología;Dificil;Video-11-Ciencias Agrarias.txt;2602;13;27;1
palinología;Dificil;Video-11-Ciencias Agrarias.txt;3767;11;39;1
etología;Dificil;Video-11-Ciencias Agrarias.txt;3973;8;42;1
filogenia;Dificil;Video-11-Ciencias Agrarias.txt;4207;9;46;1
taxa;Dificil;Video-11-Ciencias Agrarias.txt;4475;4;50;1
paleobotánica;Dificil;Video-11-Ciencias Agrarias.txt;4705;13;51;1
farmacéutica;Dificil;Video-11-Ciencias Agrarias.txt;5037;12;53;1
médica;Dificil;Video-11-Ciencias Agrarias.txt;5061;6;53;1
digitoxina;Dificil;Video-11-Ciencias Agrarias.txt;6176;10;59;2
papaína;Dificil;Video-11-Ciencias Agrarias.txt;6196;7;59;3
codeína;Dificil;Video-11-Ciencias Agrarias.txt;6214;7;59;2
atropina;Dificil;Video-11-Ciencias Agrarias.txt;6223;8;59;2
eregotina;Dificil;Video-11-Ciencias Agrarias.txt;6247;9;59;3
sumidades;Dificil;Video-11-Ciencias Agrarias.txt;6947;9;61;1
oleorresinas;Dificil;Video-11-Ciencias Agrarias.txt;7130;12;61;2
antesis;Dificil;Video-26-Ciencias Agrarias.txt;3543;7;11;2
cuentas  especiales;Dificil;Video-16-Contaduria Publica Autorizada.txt;802;19;9;1
registros  sociales;Dificil;Video-16-Contaduria Publica Autorizada.txt;835;19;9;1
carácter financiero;Dificil;Video-16-Contaduria Publica Autorizada.txt;1742;20;14;1
comprobatoria;Dificil;Video-16-Contaduria Publica Autorizada.txt;975;13;9;1
relativa;Dificil;Video-16-Contaduria Publica Autorizada.txt;1377;8;13;2
morosidad;Dificil;Video-16-Contaduria Publica Autorizada.txt;2418;9;19;2
demandante;Dificil;Video-16-Contaduria Publica Autorizada.txt;2672;10;19;1
oferente;Dificil;Video-16-Contaduria Publica Autorizada.txt;2685;8;19;3
otorgamiento;Dificil;Video-16-Contaduria Publica Autorizada.txt;2879;12;19;1
tradicional;Dificil;Video-16-Contaduria Publica Autorizada.txt;5150;11;36;1
apreciar;Dificil;Video-16-Contaduria Publica Autorizada.txt;5447;8;48;1
plausiblemente;Dificil;Video-12-Economia.txt;191;14;4;3
eco;Dificil;Video-12-Economia.txt;631;3;7;1
nómico;Dificil;Video-12-Economia.txt;635;6;7;1
c;Dificil;Video-12-Economia.txt;3446;1;24;1
inercial;Dificil;Video-12-Economia.txt;3448;8;24;2
sc;Dificil;Video-12-Economia.txt;3691;2;26;1
ti;Dificil;Video-12-Economia.txt;4563;2;29;1
acervos;Dificil;Video-08-Odontologia.txt;7445;7;132;2
aseveración;Dificil;Video-20-Licenciatura en Educacion Basica.txt;790;11;3;4
etimológico;Dificil;Video-20-Licenciatura en Educacion Basica.txt;955;11;3;4
referencial;Dificil;Video-20-Licenciatura en Educacion Basica.txt;6618;11;16;1
predomina;Dificil;Video-20-Licenciatura en Educacion Basica.txt;7025;9;16;1
unidireccional;Dificil;Video-20-Licenciatura en Educacion Basica.txt;576;14;2;2
inferencias;Dificil;Video-20-Licenciatura en Educacion Basica.txt;3844;11;11;1
inferencial;Dificil;Video-20-Licenciatura en Educacion Basica.txt;3425;11;10;2
filosofía;Dificil;Video-20-Licenciatura en Educacion Basica.txt;9;9;0;1
apelativa;Dificil;Video-20-Licenciatura en Educacion Basica.txt;5325;9;14;1
inferir;Dificil;Video-20-Licenciatura en Educacion Basica.txt;3564;7;10;1
persuasiva;Dificil;Video-20-Licenciatura en Educacion Basica.txt;5228;10;14;3
hardening;Dificil;Video-32-Ingenieria en TeleInformatica.txt;3387;9;23;3
lenguajes como cobol rpg i y ii;Dificil;Video-33-Ingenieria en TeleInformatica.txt;2542;33;10;1
administración de la cadena;Dificil;Video-19-Ingenieria en TeleInformatica.txt;6096;27;35;1
terminales;Dificil;Video-19-Ingenieria en TeleInformatica.txt;1079;10;10;2
flujos de información;Dificil;Video-19-Ingenieria en TeleInformatica.txt;6365;21;37;1
notebloc;Dificil;Video-55-Unidad de Investigacion.txt;121;8;1;2
sistema de código;Dificil;Video-55-Unidad de Investigacion.txt;477;17;1;1
punto digital;Dificil;Video-55-Unidad de Investigacion.txt;2079;13;4;1
implícita;Dificil;Video-55-Unidad de Investigacion.txt;3869;9;7;1
cobol;Dificil;Video-33-Ingenieria en TeleInformatica.txt;2557;5;10;1
rpg;Dificil;Video-33-Ingenieria en TeleInformatica.txt;2564;3;10;2
permutar;Dificil;Video-36-CursosDipa.txt;2608;8;8;4
adolecemos;Dificil;Video-36-CursosDipa.txt;3731;10;9;2
imai;Dificil;Video-39-Biologia.txt;2724;4;19;4
nc;Dificil;Video-39-Biologia.txt;7583;2;28;3
skywars;Dificil;Video-42-Biologia.txt;2677;7;4;2
mix;Dificil;Video-42-Biologia.txt;5591;3;9;1
convenio de róterdam;Dificil;Video-39-Biologia.txt;842;20;8;2
suya;Dificil;Video-39-Biologia.txt;8407;4;29;2
palores;Dificil;Video-40-Ingenieria Ambiental.txt;905;7;3;3
sicomoros;Dificil;Video-41-Ingenieria Ambiental.txt;1166;9;2;3
perentorio;Dificil;Video-43-Ingenieria Ambiental.txt;2141;10;4;5
incis;Dificil;Video-43-Ingenieria Ambiental.txt;3273;5;6;1
incidencia;Dificil;Video-43-Ingenieria Ambiental.txt;2710;10;5;1
correctivos;Dificil;Video-40-Ingenieria Ambiental.txt;516;11;3;1
isu;Dificil;Video-40-Ingenieria Ambiental.txt;5286;3;11;1
método que yo siempre;Dificil;Video-36-Unidad de Investigacion.txt;3975;21;10;1
que ya yo identifiqué;Dificil;Video-55-Unidad de Investigacion.txt;2155;21;5;1
crisol;Dificil;Video-22-Ingenieria Civil.txt;1363;6;11;2
volframio;Dificil;Video-22-Ingenieria Civil.txt;2094;9;23;2
fluoración;Dificil;Video-22-Ingenieria Civil.txt;4299;10;34;3
dbo5;Dificil;Video-22-Ingenieria Civil.txt;7035;4;49;1
geodesia;Dificil;Video-23-Ingenieria Civil.txt;513;10;2;2
teodolito;Dificil;Video-23-Ingenieria Civil.txt;4359;9;24;1
trípode;Dificil;Video-23-Ingenieria Civil.txt;5971;7;28;1
escarpados;Dificil;Video-23-Ingenieria Civil.txt;6569;10;29;2
abrasión;Dificil;Video-31-Ingenieria Civil.txt;1222;8;6;5
esclerómetria;Dificil;Video-31-Ingenieria Civil.txt;2140;13;8;3
deontológicas;Dificil;Video-31-Ingenieria Civil.txt;4713;13;18;4
léxicos;Dificil;Video-34-Ingenieria Civil.txt;122;7;2;1
planimetría y la altimetría;Dificil;Video-34-Ingenieria Civil.txt;2403;28;18;1
arrabio;Dificil;Video-22-Ingenieria Civil.txt;828;7;11;5
ceolita;Dificil;Video-22-Ingenieria Civil.txt;4078;7;34;4
diques;Dificil;Video-22-Ingenieria Civil.txt;6527;6;46;1
silos;Dificil;Video-22-Ingenieria Civil.txt;6631;5;46;2
catastrales;Dificil;Video-23-Ingenieria Civil.txt;2105;11;12;1
taquimetría;Dificil;Video-23-Ingenieria Civil.txt;4541;11;25;2
catastrales;Dificil;Video-34-Ingenieria Civil.txt;2105;11;12;1
estadia;Dificil;Video-34-Ingenieria Civil.txt;6778;7;33;2
parcelas;Dificil;Video-34-Ingenieria Civil.txt;1958;8;8;2
frecuencia;Dificil;Video-01-Licenciatura en sistemas de Informacion.txt;666;10;3;1
asiento;Dificil;Video-01-Licenciatura en sistemas de Informacion.txt;985;7;4;1
vínculo;Dificil;Video-01-Licenciatura en sistemas de Informacion.txt;2550;7;6;1
sobreestimó;Dificil;Video-01-Licenciatura en sistemas de Informacion.txt;6182;11;13;1
mercantil;Dificil;Video-10-Licenciatura en sistemas de Informacion.txt;1207;9;8;2
injerencia;Dificil;Video-10-Licenciatura en sistemas de Informacion.txt;2094;10;10;3
protocolizarse;Dificil;Video-10-Licenciatura en sistemas de Informacion.txt;5432;14;26;2
gravamen;Dificil;Video-10-Licenciatura en sistemas de Informacion.txt;9748;8;36;2
enajenarlo;Dificil;Video-10-Licenciatura en sistemas de Informacion.txt;9809;10;36;3
enajenación;Dificil;Video-10-Licenciatura en sistemas de Informacion.txt;13981;11;42;2
procesador de comandos;Dificil;Video-29-Licenciatura en sistemas de Informacion.txt;1485;22;8;1
tiempo real;Dificil;Video-29-Licenciatura en sistemas de Informacion.txt;2153;11;17;1
núcleo intermediario;Dificil;Video-29-Licenciatura en sistemas de Informacion.txt;2339;20;19;1
enrutadores;Dificil;Video-29-Licenciatura en sistemas de Informacion.txt;2728;11;19;1
utilidades;Dificil;Video-29-Licenciatura en sistemas de Informacion.txt;3222;10;21;1
sucumbir;Dificil;Video-29-Licenciatura en sistemas de Informacion.txt;5033;8;29;1
estructura arbórea;Dificil;Video-29-Licenciatura en sistemas de Informacion.txt;6444;18;38;1
ficción;Dificil;Video-20-Licenciatura en Educacion Basica.txt;706;7;3;1
conocimiento lingüístico;Dificil;Video-20-Licenciatura en Educacion Basica.txt;2560;24;9;1
oblea;Dificil;Video-33-Ingenieria en TeleInformatica.txt;4578;5;16;2
ti;Dificil;Video-19-Ingenieria en TeleInformatica.txt;4615;2;28;1
plotters;Dificil;Video-19-Ingenieria en TeleInformatica.txt;2678;8;22;2
isbn;Dificil;Video-36-CursosDipa.txt;880;4;4;3
turba;Dificil;Video-39-Biologia.txt;8909;5;30;2
consecutible;Dificil;Video-39-Biologia.txt;9767;12;31;1
reiteración;Dificil;Video-40-Ingenieria Ambiental.txt;3;11;0;2
atrófica;Dificil;Video-41-Ingenieria Ambiental.txt;2303;8;5;3
línea estratégica;Dificil;Video-41-Ingenieria Ambiental.txt;937;17;2;1
gestores bibliográficos;Dificil;Video-55-Unidad de Investigacion.txt;3503;23;7;1
syllabus;Dificil;Video-31-Ingenieria Civil.txt;70;8;2;2
dsss;Dificil;Video-31-Ingenieria Civil.txt;1673;4;7;1
pvv;Dificil;Video-31-Ingenieria Civil.txt;1680;3;7;1
pvs;Dificil;Video-31-Ingenieria Civil.txt;1685;3;7;1
mtop;Dificil;Video-31-Ingenieria Civil.txt;2404;4;8;1
redundara;Dificil;Video-31-Ingenieria Civil.txt;5265;9;20;2
topos;Dificil;Video-34-Ingenieria Civil.txt;130;5;2;1
geodesia;Dificil;Video-34-Ingenieria Civil.txt;513;10;2;2
llanuras;Dificil;Video-34-Ingenieria Civil.txt;1773;8;7;1
taquimetría;Dificil;Video-34-Ingenieria Civil.txt;4541;11;25;1
retículo;Dificil;Video-34-Ingenieria Civil.txt;5177;8;26;1
fluidos;Dificil;Video-22-Ingenieria Civil.txt;199;7;7;1
blaise;Dificil;Video-22-Ingenieria Civil.txt;641;6;8;1
henry bessemer;Dificil;Video-22-Ingenieria Civil.txt;1117;14;11;1
molido;Dificil;Video-22-Ingenieria Civil.txt;2592;6;28;1
levitación;Dificil;Video-22-Ingenieria Civil.txt;5856;10;42;3
estipulados;Dificil;Video-22-Ingenieria Civil.txt;6787;11;46;1
fraguado;Dificil;Video-31-Ingenieria Civil.txt;1421;8;6;1
ductilidad;Dificil;Video-31-Ingenieria Civil.txt;2262;10;8;1
morteros;Dificil;Video-31-Ingenieria Civil.txt;3548;8;14;1
principio de realización;Dificil;Video-01-Licenciatura en sistema de informacion.txt;1779;27;5;1
enfoque;Dificil;Video-10-Licenciatura en sistemas de Informacion.txt;51;7;4;1
avalúo;Dificil;Video-10-Licenciatura en sistemas de Informacion.txt;2980;6;17;1
mercantiles;Dificil;Video-10-Licenciatura en sistemas de Informacion.txt;3498;11;20;1
doctrina;Dificil;Video-10-Licenciatura en sistemas de Informacion.txt;4620;8;24;1
unanimidad;Dificil;Video-10-Licenciatura en sistemas de Informacion.txt;6644;10;28;2
tenor;Dificil;Video-10-Licenciatura en sistemas de Informacion.txt;9898;5;36;1
caución;Dificil;Video-10-Licenciatura en sistemas de Informacion.txt;9994;7;36;1
endosatario;Dificil;Video-10-Licenciatura en sistemas de Informacion.txt;11724;11;38;2
remitiéndose;Dificil;Video-10-Licenciatura en sistemas de Informacion.txt;13511;12;42;1
causal;Dificil;Video-10-Licenciatura en sistemas de Informacion.txt;14378;6;44;1
correlativa;Dificil;Video-10-Licenciatura en sistemas de Informacion.txt;14712;11;46;1
lícitos;Dificil;Video-10-Licenciatura en sistemas de Informacion.txt;15664;7;46;1
enrutadores;Dificil;Video-29-Licenciatura en Sistemas de Informacion.txt;2728;11;19;1
arbórea;Dificil;Video-29-Licenciatura en Sistemas de Informacion.txt;6455;8;38;2
blasbery;Dificil;Video-47-Licenciatura en sistemas de Informacion.txt;1176;8;2;3
raspberry;Dificil;Video-47-Licenciatura en sistemas de Informacion.txt;2947;9;5;2
indexación;Dificil;Video-47-Licenciatura en sistemas de Informacion.txt;7501;10;12;2
analogía;Dificil;Video-47-Licenciatura en sistemas de Informacion.txt;10079;8;15;1
algoritmo;Dificil;Video-48-Licenciatura en Sistemas de Información.txt;1507;9;5;4
ciclo;Dificil;Video-48-Licenciatura en Sistemas de Información.txt;1989;5;5;2
acotación;Dificil;Video-48-Licenciatura en Sistemas de Información.txt;2058;9;7;11
vano;Dificil;Video-48-Licenciatura en Sistemas de Información.txt;2612;4;7;1
suponer;Dificil;Video-48-Licenciatura en Sistemas de Información.txt;2677;7;9;1
residuo;Dificil;Video-48-Licenciatura en Sistemas de Información.txt;3547;7;9;1
digitalizados;Dificil;Video-49-Licenciatura  en Sistemas de Información.txt;246;13;1;2
input;Dificil;Video-49-Licenciatura  en Sistemas de Información.txt;329;5;1;1
for;Dificil;Video-49-Licenciatura  en Sistemas de Información.txt;639;3;2;2
range;Dificil;Video-49-Licenciatura  en Sistemas de Información.txt;668;5;2;1
identación;Dificil;Video-49-Licenciatura  en Sistemas de Información.txt;2032;10;4;1
hipotético;Dificil;Video-49-Licenciatura  en Sistemas de Información.txt;2389;10;5;1
variable;Dificil;Video-49-Licenciatura  en Sistemas de Información.txt;2538;8;5;1
print;Dificil;Video-49-Licenciatura  en Sistemas de Información.txt;2796;5;5;1
optimizar;Dificil;Video-49-Licenciatura  en Sistemas de Información.txt;4482;9;7;1
raspberry;Dificil;Video-49-Licenciatura  en Sistemas de Información.txt;4572;9;7;3
metodología;Dificil;Video-50-Licenciatura en Sistemas de Información.txt;211;11;1;1
fielco;Dificil;Video-50-Licenciatura en Sistemas de Información.txt;666;6;2;1
aahm;Dificil;Video-50-Licenciatura en Sistemas de Información.txt;1244;4;3;1
oracle;Dificil;Video-50-Licenciatura en Sistemas de Información.txt;2783;6;5;2
adquirir;Dificil;Video-50-Licenciatura en Sistemas de Información.txt;5319;8;9;1
while;Dificil;Video-47-Licenciatura en sistemas de Informacion.txt;13;5;1;1
for;Dificil;Video-47-Licenciatura en sistemas de Informacion.txt;21;3;1;1
range;Dificil;Video-47-Licenciatura en sistemas de Informacion.txt;522;5;1;1
ayovi;Dificil;Video-47-Licenciatura en sistemas de Informacion.txt;3832;5;7;1
break;Dificil;Video-47-Licenciatura en sistemas de Informacion.txt;7924;5;13;1
cohesionado;Dificil;Video-50-Licenciatura en Sistemas de Información.txt;145;11;1;1
mainboard;Dificil;Video-50-Licenciatura en Sistemas de Información.txt;1886;9;3;1
arduino;Dificil;Video-50-Licenciatura en Sistemas de Información.txt;2902;7;5;1
solidificación;Dificil;Video-53-Arquitectura.txt;1096;14;2;1
nocivo;Dificil;Video-53-Arquitectura.txt;6978;6;12;1
hidrolizacion;Dificil;Video-53-Arquitectura.txt;7633;13;13;2
autóctonas;Dificil;Video-53-Arquitectura.txt;8462;10;13;2
escolaridad;Dificil;Video-15-Contaduria Publica Autorizada.txt;3240;11;25;2
inferencias;Dificil;Video-15-Contaduria Publica Autorizada.txt;5366;11;31;1
priori destinado;Dificil;Video-18-Contaduria Publica Autorizada.txt;1667;16;12;1
edt;Dificil;Video-18-Contaduria Publica Autorizada.txt;3860;3;24;2
subsidiario;Dificil;Video-18-Contaduria Publica Autorizada.txt;5237;11;35;2
complementarios;Dificil;Video-45-Contaduria Publica Autorizada.txt;10228;16;28;1
meas;Dificil;Video-35-Contaduria Publica Autorizada.txt;1060;4;3;1
fluctuaciones;Dificil;Video-35-Contaduria Publica Autorizada.txt;3948;13;11;1
topográfico;Dificil;Video-30-Psicologia.txt;5508;11;38;1
quitina;Dificil;Video-11-Ciencias Agrarias.txt;768;7;10;1
mucílagos;Dificil;Video-11-Ciencias Agrarias.txt;5814;9;57;2
tinctoreas;Dificil;Video-11-Ciencias Agrarias.txt;5875;10;57;1
cauchíferas;Dificil;Video-11-Ciencias Agrarias.txt;5774;11;57;1
caléndula;Dificil;Video-11-Ciencias Agrarias.txt;6520;9;59;2
carrageninas;Dificil;Video-11-Ciencias Agrarias.txt;6559;12;59;2
encañado;Dificil;Video-26-Ciencias Agrarias.txt;3503;8;11;1
desviaciones;Dificil;Video-13-Economia.txt;1559;12;15;1
operativa;Dificil;Video-13-Economia.txt;1988;9;16;1
presupuestaria;Dificil;Video-13-Economia.txt;2533;14;20;1
democrático;Dificil;Video-13-Economia.txt;3727;11;27;2
susceptibles;Dificil;Video-13-Economia.txt;4537;12;33;1
subordinados;Dificil;Video-13-Economia.txt;998;12;11;1
deficiente;Dificil;Video-13-Economia.txt;2202;10;20;1
armonizando;Dificil;Video-13-Economia.txt;3306;11;26;1
imposición;Dificil;Video-13-Economia.txt;3760;10;27;1
totalitarismo;Dificil;Video-14-Economia.txt;2420;13;12;1
misión;Dificil;Video-08-Odontologia.txt;26;6;2;1
formar;Dificil;Video-08-Odontologia.txt;34;6;3;1
sondeo;Dificil;Video-44-Medicina.txt;1790;6;6;1
sub;Dificil;Video-44-Medicina.txt;1844;3;6;1
garante;Dificil;Video-44-Medicina.txt;1848;7;6;2
muestreo;Dificil;Video-44-Medicina.txt;1999;8;6;1
inductivo;Dificil;Video-44-Medicina.txt;2967;9;8;2
anagrama;Dificil;Video-44-Medicina.txt;5082;8;13;1
sabino;Dificil;Video-44-Medicina.txt;6447;6;16;1
síntesis;Dificil;Video-44-Medicina.txt;6510;8;16;1
sintetizar;Dificil;Video-44-Medicina.txt;6614;10;16;1
observar;Dificil;Video-02-Unidad de Investigacion.txt;118;8;1;1
sección;Dificil;Video-02-Unidad de Investigacion.txt;185;7;1;1
repositorio;Dificil;Video-02-Unidad de Investigacion.txt;1232;11;2;1
genoma;Dificil;Video-02-Unidad de Investigacion.txt;1783;6;3;2
cronológicamente;Dificil;Video-02-Unidad de Investigacion.txt;4037;16;7;2
subscriba;Dificil;Video-02-Unidad de Investigacion.txt;5386;9;9;1
autónomo;Dificil;Video-02-Unidad de Investigacion.txt;6281;8;10;1
syllabus;Dificil;Video-02-Unidad de Investigacion.txt;6980;8;11;2
chemistry;Dificil;Video-02-Unidad de Investigacion.txt;7498;9;12;1
r;Dificil;Video-02-Unidad de Investigacion.txt;8545;1;14;1
acotar;Dificil;Video-02-Unidad de Investigacion.txt;8545;6;14;1
reincidir;Dificil;Video-02-Unidad de Investigacion.txt;8680;9;14;1
repositorios;Dificil;Video-02-Unidad de Investigacion.txt;1541;12;3;1
vestiduras;Dificil;Video-02-Unidad de Investigacion.txt;1921;10;3;1
algoritmo;Dificil;Video-02-Unidad de Investigacion.txt;4931;9;8;1
culminaciones;Dificil;Video-02-Unidad de Investigacion.txt;5140;13;9;1
gigas;Dificil;Video-02-Unidad de Investigacion.txt;5446;5;9;1
nuble;Dificil;Video-02-Unidad de Investigacion.txt;7957;5;12;1
la lectura crítica aplica a la no ficción;Dificil;Video-20-Licenciatura en Educacion Basica.txt;672;42;3;1
acto unidireccional;Dificil;Video-20-Licenciatura en Educacion Basica.txt;571;19;2;1
legere;Dificil;Video-20-Licenciatura en Educacion Basica.txt;1105;15;4;1
krienin;Dificil;Video-20-Licenciatura en Educacion Basica.txt;1259;7;5;2
explícitamente;Dificil;Video-20-Licenciatura en Educacion Basica.txt;1797;14;8;1
nivel inferencial;Dificil;Video-20-Licenciatura en Educacion Basica.txt;2119;17;9;1
comprensión global;Dificil;Video-20-Licenciatura en Educacion Basica.txt;4524;18;12;1
referenciales;Dificil;Video-20-Licenciatura en Educacion Basica.txt;6995;13;16;1
normas internacionales;Dificil;Video-32-Ingenieria en TeleInformatica.txt;1684;22;13;1
concienciar;Dificil;Video-32-Ingenieria en TeleInformatica.txt;2068;11;15;1
moore;Dificil;Video-33-Ingenieria en TeleInformatica.txt;4497;5;16;1
preestablecida;Dificil;Video-19-Ingenieria en TeleInformatica.txt;1915;14;18;1
magnéticas;Dificil;Video-19-Ingenieria en TeleInformatica.txt;2635;10;22;1
cintas;Dificil;Video-19-Ingenieria en TeleInformatica.txt;2628;6;22;1
sistemas;Dificil;Video-19-Ingenieria en TeleInformatica.txt;3759;8;25;1
estratégicos;Dificil;Video-19-Ingenieria en TeleInformatica.txt;3768;12;25;1
sistemas de trabajo del conocimiento;Dificil;Video-19-Ingenieria en TeleInformatica.txt;6872;36;37;1
ponencia;Dificil;Video-36-CursosDipa.txt;415;8;3;1
desgasta;Dificil;Video-36-CursosDipa.txt;2215;8;7;1
iec;Dificil;Video-32-Ingenieria en TeleInformatica.txt;1978;3;15;1
isoiec 27oo2;Dificil;Video-32-Ingenieria en TeleInformatica.txt;1978;13;15;1
que aquí vuelta va pasar lo mismo;Dificil;Video-36-CursosDipa.txt;556;33;3;1
ósea;Dificil;Video-39-Biologia.txt;8089;4;28;1
exportalización;Dificil;Video-39-Biologia.txt;586;15;5;1
iso;Dificil;Video-39-Biologia.txt;1875;3;17;1
correctivas;Dificil;Video-40-Ingenieria Ambiental.txt;3536;11;8;1
inciso;Dificil;Video-43-Ingenieria Ambiental.txt;3273;6;6;2
ponencia;Dificil;Video-36-Unidad de Investigacion.txt;415;8;3;1
isbn;Dificil;Video-36-Unidad de Investigacion.txt;880;4;4;1
adolecemos;Dificil;Video-36-Unidad de Investigacion.txt;3736;10;9;1
físico;Dificil;Video-31-Ingenieria Civil.txt;1007;6;6;1
mecánico;Dificil;Video-31-Ingenieria Civil.txt;1014;8;6;1
flexión;Dificil;Video-31-Ingenieria Civil.txt;1138;7;6;1
resistencia al esfuerzo cortante de los suelos;Dificil;Video-31-Ingenieria Civil.txt;1232;46;6;1
tiempo de fraguado;Dificil;Video-31-Ingenieria Civil.txt;1411;18;6;1
dsss pvv pvs;Dificil;Video-31-Ingenieria Civil.txt;1673;14;7;1
flexo tracción;Dificil;Video-31-Ingenieria Civil.txt;1856;14;7;1
trabajabilidad;Dificil;Video-31-Ingenieria Civil.txt;1895;14;7;1
revenimiento;Dificil;Video-31-Ingenieria Civil.txt;1912;12;7;1
abrams;Dificil;Video-31-Ingenieria Civil.txt;1934;6;7;1
carbonatación;Dificil;Video-31-Ingenieria Civil.txt;2166;13;8;1
marshall;Dificil;Video-31-Ingenieria Civil.txt;2347;8;8;1
contrarrestar;Dificil;Video-31-Ingenieria Civil.txt;3663;13;15;1
deontológicas vigentes del ingeniero civil;Dificil;Video-31-Ingenieria Civil.txt;4711;42;18;1
correlacionándolos;Dificil;Video-31-Ingenieria Civil.txt;5063;18;20;1
retroalimentación;Dificil;Video-31-Ingenieria Civil.txt;5868;17;25;1
cónica;Dificil;Video-34-Ingenieria Civil.txt;6363;6;29;1
trípode;Dificil;Video-34-Ingenieria Civil.txt;5984;7;29;1
teodolito;Dificil;Video-34-Ingenieria Civil.txt;4374;9;25;1
vanadio;Dificil;Video-22-Ingenieria Civil.txt;1874;7;21;1
molibdeno;Dificil;Video-22-Ingenieria Civil.txt;1884;9;21;1
floculación;Dificil;Video-22-Ingenieria Civil.txt;2603;11;28;1
depuración;Dificil;Video-22-Ingenieria Civil.txt;3550;10;32;1
traza;Dificil;Video-22-Ingenieria Civil.txt;7300;5;50;1
método marshall;Dificil;Video-31-Ingenieria Civil.txt;2340;15;8;1
elaboración de briquetas;Dificil;Video-31-Ingenieria Civil.txt;2410;24;8;1
prueba de bulk;Dificil;Video-31-Ingenieria Civil.txt;2436;14;8;1
sobreestimaría;Dificil;Video-01-Licenciatura en sistema de informacion.txt;1163;14;4;1
subestimados;Dificil;Video-01-Licenciatura en sistema de informacion.txt;1233;12;4;1
devengadas;Dificil;Video-01-Licenciatura en sistema de informacion.txt;3823;10;9;1
sobreestimó;Dificil;Video-01-Licenciatura en sistema de informacion.txt;6182;11;13;1
acrecimiento;Dificil;Video-10-Licenciatura en sistemas de Informacion.txt;1397;12;8;1
societatis;Dificil;Video-10-Licenciatura en sistemas de Informacion.txt;3619;11;20;1
affection;Dificil;Video-10-Licenciatura en sistemas de Informacion.txt;3610;9;20;1
fungible;Dificil;Video-10-Licenciatura en sistemas de Informacion.txt;4981;8;26;1
sobredimensione;Dificil;Video-10-Licenciatura en sistemas de Informacion.txt;8134;15;30;1
inciso;Dificil;Video-10-Licenciatura en sistemas de Informacion.txt;10527;6;36;1
cuantía;Dificil;Video-10-Licenciatura en sistemas de Informacion.txt;10590;7;36;1
imperativa;Dificil;Video-10-Licenciatura en sistemas de Informacion.txt;13298;10;42;1
resarcimiento;Dificil;Video-10-Licenciatura en sistemas de Informacion.txt;14500;13;44;1
multitramo;Dificil;Video-29-Licenciatura en Sistemas de Informacion.txt;2065;10;16;1
transaccional;Dificil;Video-29-Licenciatura en Sistemas de Informacion.txt;7468;13;45;1
sondas;Dificil;Video-29-Licenciatura en Sistemas de Informacion.txt;8239;6;52;1
script;Dificil;Video-47-Licenciatura en sistemas de Informacion.txt;3394;6;5;1
false else;Dificil;Video-47-Licenciatura en sistemas de Informacion.txt;9425;10;14;1
acá;Dificil;Video-48-Licenciatura en Sistemas de Información.txt;1766;3;5;1
digitados;Dificil;Video-49-Licenciatura  en Sistemas de Información.txt;268;9;1;2
blashbery;Dificil;Video-49-Licenciatura  en Sistemas de Información.txt;3781;9;6;2
aahm;Dificil;Video-50-Licenciatura en sistemas de Informacion.txt;1244;4;3;1
cohesionado;Dificil;Video-50-Licenciatura en sistemas de Informacion.txt;145;11;1;1
fielco;Dificil;Video-50-Licenciatura en sistemas de Informacion.txt;666;6;2;1
fluorescente;Dificil;Video-50-Licenciatura en sistemas de Informacion.txt;2184;12;4;1
decremento;Dificil;Video-49-Licenciatura  en Sistemas de Información.txt;3296;10;5;1
contantes;Dificil;Video-52-Arquitectura.txt;4759;9;9;1
auxilio;Dificil;Video-15-Contaduria Publica Autorizada.txt;620;7;4;1
requisición;Dificil;Video-15-Contaduria Publica Autorizada.txt;1951;11;13;1
conciso;Dificil;Video-15-Contaduria Publica Autorizada.txt;3791;7;25;1
quebrantos;Dificil;Video-15-Contaduria Publica Autorizada.txt;6246;10;34;1
monitorear;Dificil;Video-18-Contaduria Publica Autorizada.txt;636;10;4;1
contingencias;Dificil;Video-18-Contaduria Publica Autorizada.txt;3771;13;22;1
flujo;Dificil;Video-45-Contaduria Publica Autorizada.txt;5089;5;16;1
reactiva;Dificil;Video-35-Contaduria Publica Autorizada.txt;3398;8;11;1
deprivación;Dificil;Video-30-Psicologia.txt;569;11;6;1
reaseguramiento;Dificil;Video-30-Psicologia.txt;1724;15;12;1
líquenes;Dificil;Video-11-Ciencias Agrarias.txt;2032;8;22;1
taníferas;Dificil;Video-11-Ciencias Agrarias.txt;5887;9;57;1
rutina;Dificil;Video-11-Ciencias Agrarias.txt;6188;6;59;1
unánimemente;Dificil;Video-26-Ciencias Agrarias.txt;191;12;2;1
freática;Dificil;Video-26-Ciencias Agrarias.txt;5651;8;22;1
fiscal;Dificil;Video-16-Contaduria Publica Autorizada.txt;615;6;9;1
importes;Dificil;Video-16-Contaduria Publica Autorizada.txt;3455;8;24;1
monetarios;Dificil;Video-16-Contaduria Publica Autorizada.txt;3464;10;24;1
operación;Dificil;Video-16-Contaduria Publica Autorizada.txt;5343;9;43;1
análisis;Dificil;Video-16-Contaduria Publica Autorizada.txt;4157;8;29;1
circuito bursátil;Dificil;Video-14-Economia.txt;1516;17;8;1
contaduría;Dificil;Video-14-Economia.txt;0;10;0;1
salvedad;Dificil;Video-14-Economia.txt;7099;8;24;2
convenidos;Dificil;Video-14-Economia.txt;6766;10;23;1
coerción;Dificil;Video-14-Economia.txt;7067;8;23;1
fulcro;Dificil;Video-07-Odontologia.txt;2981;6;12;1
muñón;Dificil;Video-07-Odontologia.txt;3312;5;12;1
pontico;Dificil;Video-07-Odontologia.txt;6550;7;26;1
deflexión;Dificil;Video-07-Odontologia.txt;7057;9;29;1
homeostasis;Dificil;Video-08-Odontologia.txt;6211;11;108;1
resectiva;Dificil;Video-09-Odontologia.txt;5408;9;25;1
cuidados;Dificil;Video-09-Odontologia.txt;6154;8;28;1
repositorios;Dificil;Video-02-Ingenieria en sistemas.txt;1541;12;3;11
vestiduras;Dificil;Video-02-Ingenieria en sistemas.txt;1921;10;3;9
dijo;Dificil;Video-03-Ingenieria en sistemas.txt;6631;4;10;1
quiere;Dificil;Video-03-Ingenieria en sistemas.txt;6640;6;10;1
describir;Dificil;Video-03-Ingenieria en sistemas.txt;6647;9;10;1
verdad;Dificil;Video-03-Ingenieria en sistemas.txt;6660;6;10;1
deje la elegancia para los sastres;Dificil;Video-03-Ingenieria en sistemas.txt;6668;34;10;3
quiere describir la verdad deje la elegancia;Dificil;Video-03-Ingenieria en sistemas.txt;6640;45;10;1
vallamos;Dificil;Video-02-Ingenieria en sistemas.txt;2115;8;3;4
nuble;Dificil;Video-02-Ingenieria en sistemas.txt;7957;5;12;4
utilizo;Dificil;Video-02-Ingenieria en sistemas.txt;10213;7;16;1
vallan;Dificil;Video-03-Ingenieria en sistemas.txt;1895;6;3;7
bioética;Dificil;Video-05-Ingenieria en sistemas.txt;3571;8;8;44
maceración;Dificil;Video-05-Ingenieria en sistemas.txt;2366;10;4;40
diferida;Dificil;Video-05-Ingenieria en sistemas.txt;85;8;1;9
patentar;Dificil;Video-04-Ingenieria en sistemas.txt;160;8;1;22
cartoprint;Dificil;Video-04-Ingenieria en sistemas.txt;959;10;2;56
patente;Dificil;Video-04-Ingenieria en sistemas.txt;640;7;2;10
estándar;Dificil;Video-04-Ingenieria en sistemas.txt;1866;8;4;5
paper;Dificil;Video-04-Ingenieria en sistemas.txt;2986;5;5;16
verborragia;Dificil;Video-04-Ingenieria en sistemas.txt;4954;11;8;41
énfasis;Dificil;Video-04-Ingenieria en sistemas.txt;6734;7;10;5
microscopia;Dificil;Video-04-Ingenieria en sistemas.txt;4208;11;7;41
sintetizo;Dificil;Video-04-Ingenieria en sistemas.txt;1537;9;3;17
sintetización;Dificil;Video-04-Ingenieria en sistemas.txt;1713;13;3;10
poden;Dificil;Video-03-Ingenieria en sistemas.txt;114;5;1;29
sastres;Dificil;Video-03-Ingenieria en sistemas.txt;6695;8;10;2
realizado realizados;Dificil;Video-03-Ingenieria en sistemas.txt;1029;20;2;5
es o;Dificil;Video-03-Ingenieria en sistemas.txt;210;4;1;4
de ser auto contenidas;Dificil;Video-03-Ingenieria en sistemas.txt;2526;22;5;1
pixeles;Dificil;Video-03-Ingenieria en sistemas.txt;6224;7;9;9
convicción;Dificil;Video-03-Ingenieria en sistemas.txt;6434;10;9;13
deferir;Dificil;Video-05-Ingenieria en sistemas.txt;178;7;1;13
ultrasónico;Dificil;Video-05-Ingenieria en sistemas.txt;994;11;2;29
taxonómico;Dificil;Video-05-Ingenieria en sistemas.txt;4707;10;10;31
genoma;Dificil;Video-02-Ingenieria en sistemas.txt;1783;6;3;23
bases de datos;Dificil;Video-02-Ingenieria en sistemas.txt;3948;14;6;2
chemis;Dificil;Video-02-Ingenieria en sistemas.txt;7498;6;12;1
chemistry;Dificil;Video-02-Ingenieria en sistemas.txt;7498;9;12;9
repositorio;Dificil;Video-02-Ingenieria en sistemas.txt;1232;11;2;11
campus;Dificil;Video-02-Ingenieria en sistemas.txt;3159;6;6;2
syllabus;Dificil;Video-02-Ingenieria en sistemas.txt;6980;8;11;2
condicionado;Dificil;Video-03-Ingenieria en sistemas.txt;5897;12;9;4
doctoral;Dificil;Video-03-Ingenieria en sistemas.txt;7124;8;10;2
virtual;Dificil;Video-02-Ingenieria en sistemas.txt;57;7;1;5
tesis;Dificil;Video-02-Ingenieria en sistemas.txt;1247;5;2;2
vestidura;Dificil;Video-02-Ingenieria en sistemas.txt;1921;9;3;3
reincidir;Dificil;Video-02-Ingenieria en sistemas.txt;8680;9;14;5
información limitada;Dificil;Video-03-Ingenieria en sistemas.txt;6966;21;10;1
cuestionando los cuestionarios;Dificil;Video-03-Ingenieria en sistemas.txt;991;30;2;1
titulación;Dificil;Video-03-Ingenieria en sistemas.txt;4179;10;7;3
redundancias;Dificil;Video-03-Ingenieria en sistemas.txt;3132;12;6;5
complejo;Dificil;Video-03-Ingenieria en sistemas.txt;1498;8;3;1
extracto económico;Dificil;Video-03-Ingenieria en sistemas.txt;1791;18;3;7
me fui para acá no me alcanzo;Dificil;Video-48-Licenciatura en Sistemas de Información.txt;1727;29;5;1
libramos de pesos y se acabó;Dificil;Video-03-Ingenieria en sistemas.txt;647;32;2;1
que lee las profesoras;Dificil;Video-03-Ingenieria en sistemas.txt;6307;22;9;1
libramos;Dificil;Video-03-Ingenieria en sistemas.txt;649;8;2;2
libramo;Dificil;Video-03-Ingenieria en sistemas.txt;649;7;2;1
actitud;Dificil;Video-03-Ingenieria en sistemas.txt;5973;7;9;1
cartas virtuales;Dificil;Video-03-Ingenieria en sistemas.txt;4120;16;7;5
contenido;Dificil;Video-03-Ingenieria en sistemas.txt;2666;9;5;1
testimonio;Dificil;Video-03-Ingenieria en sistemas.txt;1669;10;3;2
certificar;Dificil;Video-03-Ingenieria en sistemas.txt;2196;10;4;1
inclusive;Dificil;Video-03-Ingenieria en sistemas.txt;3616;9;6;1
jpg;Dificil;Video-03-Ingenieria en sistemas.txt;6209;3;9;4
lógica;Dificil;Video-48-Licenciatura en Sistemas de Información.txt;408;6;1;1
auto contenidas;Dificil;Video-03-Ingenieria en sistemas.txt;2533;15;5;5
campo biológico;Dificil;Video-03-Ingenieria en sistemas.txt;5103;15;8;3
objetiva;Dificil;Video-03-Ingenieria en sistemas.txt;238;8;1;4
índice actual;Dificil;Video-48-Licenciatura en Sistemas de Información.txt;2737;16;9;1
lanzar números;Dificil;Video-03-Ingenieria en sistemas.txt;4419;14;8;1
o un comentario no;Dificil;Video-03-Ingenieria en sistemas.txt;1214;19;2;1
los;Dificil;Video-03-Ingenieria en sistemas.txt;1752;3;3;1
extracto;Dificil;Video-03-Ingenieria en sistemas.txt;1791;8;3;7
no porque la tabla posee más texto a través de los comentarios la hace mejor y el articulo peor;Dificil;Video-03-Ingenieria en sistemas.txt;2928;96;7;1
es o debería ser totalmente objetiva;Dificil;Video-03-Ingenieria en sistemas.txt;212;36;2;1
presa;Dificil;Video-04-Ingenieria en sistemas.txt;5143;5;8;5
clarifique;Dificil;Video-04-Ingenieria en sistemas.txt;5745;10;10;2
reincidir;Dificil;Video-04-Ingenieria en sistemas.txt;6919;9;11;10
es un paper;Dificil;Video-04-Ingenieria en sistemas.txt;2980;11;5;1
tratamiento ultrasónico;Dificil;Video-05-Ingenieria en sistemas.txt;978;23;2;4
sastres”;Dificil;Video-03-Ingenieria en sistemas.txt;6695;9;10;1
lay;Dificil;Video-05-Ingenieria en sistemas.txt;245;3;1;12
celdas;Dificil;Video-05-Ingenieria en sistemas.txt;1393;6;3;11
celda;Dificil;Video-05-Ingenieria en sistemas.txt;1886;5;3;9
especie fue distraída;Dificil;Video-05-Ingenieria en sistemas.txt;1774;65;3;1
ca;Dificil;Video-02-Ingenieria en sistemas.txt;3159;2;6;1
evidentemente;Dificil;Video-02-Ingenieria en sistemas.txt;7987;13;13;1
valga la confusión;Dificil;Video-02-Ingenieria en sistemas.txt;8002;18;13;1
operadores lógicos;Dificil;Video-02-Ingenieria en sistemas.txt;8982;18;14;1
noción;Dificil;Video-02-Ingenieria en sistemas.txt;9103;6;14;1
inclusive;Dificil;Video-02-Ingenieria en sistemas.txt;9155;9;14;1
concurrente;Dificil;Video-02-Ingenieria en sistemas.txt;7171;11;12;6
interprete;Dificil;Video-03-Ingenieria en sistemas.txt;2628;10;5;3
video;Dificil;Video-05-Ingenieria en sistemas.txt;0;5;0;1
particularmente;Dificil;Video-02-Ingenieria en sistemas.txt;5254;15;9;1
modernizar;Dificil;Video-04-Ingenieria en sistemas.txt;4622;10;7;2
alianzas;Dificil;Video-04-Ingenieria en sistemas.txt;8316;8;11;1
sintetizado;Dificil;Video-04-Ingenieria en sistemas.txt;978;11;2;6
lapso;Dificil;Video-04-Ingenieria en sistemas.txt;5270;5;9;3
estandarizar;Dificil;Video-04-Ingenieria en sistemas.txt;2625;12;4;3
extracción;Dificil;Video-05-Ingenieria en sistemas.txt;1854;10;3;6
normarlos;Dificil;Video-05-Ingenieria en sistemas.txt;3231;9;8;3
intoxícate;Dificil;Video-05-Ingenieria en sistemas.txt;3945;10;9;9
propia;Dificil;Video-03-Ingenieria en sistemas.txt;153;6;1;3
comentario;Dificil;Video-03-Ingenieria en sistemas.txt;723;10;2;3
demostró;Dificil;Video-03-Ingenieria en sistemas.txt;1935;8;3;3
estructura;Dificil;Video-03-Ingenieria en sistemas.txt;5929;10;9;3
limitada;Dificil;Video-03-Ingenieria en sistemas.txt;6970;8;10;4
tesis;Dificil;Video-03-Ingenieria en sistemas.txt;7115;5;10;3
tabla;Dificil;Video-03-Ingenieria en sistemas.txt;7265;5;10;4
usualmente;Dificil;Video-02-Ingenieria en sistemas.txt;10488;10;16;3
orgánica;Dificil;Video-02-Ingenieria en sistemas.txt;10244;8;16;4
localización;Dificil;Video-02-Ingenieria en sistemas.txt;10055;12;15;3
probabilidad;Dificil;Video-02-Ingenieria en sistemas.txt;8430;12;13;3
orden;Dificil;Video-02-Ingenieria en sistemas.txt;8106;5;13;3
coordinador;Dificil;Video-02-Ingenieria en sistemas.txt;7893;11;12;3
cuantitativamente;Dificil;Video-05-Ingenieria en sistemas.txt;4608;17;10;8
cualitativamente;Dificil;Video-05-Ingenieria en sistemas.txt;4628;16;10;9
apetecible;Dificil;Video-04-Ingenieria en sistemas.txt;900;10;2;3
patentes;Dificil;Video-04-Ingenieria en sistemas.txt;1353;8;3;5
molécula;Dificil;Video-04-Ingenieria en sistemas.txt;4251;8;7;5
realizados;Dificil;Video-03-Ingenieria en sistemas.txt;1043;10;2;2
nosotros;Dificil;Video-04-Ingenieria en sistemas.txt;374;8;1;1
ah;Dificil;Video-05-Ingenieria en sistemas.txt;463;2;1;1
y d hay;Dificil;Video-05-Ingenieria en sistemas.txt;1569;7;3;1
la especie fue distraída;Dificil;Video-05-Ingenieria en sistemas.txt;1773;24;3;1
genoma de investigación;Dificil;Video-02-Ingenieria en sistemas.txt;1783;23;3;2
culminaciones;Dificil;Video-02-Ingenieria en sistemas.txt;5140;13;9;3
resulta;Dificil;Video-02-Ingenieria en sistemas.txt;980;7;2;1
repositorio de archivos;Dificil;Video-02-Ingenieria en sistemas.txt;5488;23;9;1
ultra;Dificil;Video-05-Ingenieria en sistemas.txt;1908;5;3;2
sónico;Dificil;Video-05-Ingenieria en sistemas.txt;1914;6;3;3
deducciones;Dificil;Video-03-Ingenieria en sistemas.txt;5432;11;8;1
bibliográfica;Dificil;Video-04-Ingenieria en sistemas.txt;6285;13;10;2
estandarizado;Dificil;Video-04-Ingenieria en sistemas.txt;2200;13;4;11
retenido;Dificil;Video-05-Ingenieria en sistemas.txt;2698;8;5;2
negativa;Dificil;Video-03-Ingenieria en sistemas.txt;1687;8;3;2
ultra sónico;Dificil;Video-05-Ingenieria en sistemas.txt;1908;12;3;4
excelente buenísima;Dificil;Video-02-Ingenieria en sistemas.txt;1717;19;3;3
contribuyo;Dificil;Video-02-Ingenieria en sistemas.txt;4129;10;7;1
esta;Dificil;Video-02-Ingenieria en sistemas.txt;4248;4;7;1
cartas;Dificil;Video-03-Ingenieria en sistemas.txt;4120;6;7;1
poco;Dificil;Video-03-Ingenieria en sistemas.txt;5783;4;9;1
quiere describir la verdad deje la elegancia para los sastres;Dificil;Video-03-Ingenieria en sistemas.txt;6640;64;10;1
subscriba;Dificil;Video-02-Ingenieria en sistemas.txt;5386;9;9;3
financiamiento internacional;Dificil;Video-02-Ingenieria en sistemas.txt;2060;28;3;2
repositorios de tesis;Dificil;Video-02-Ingenieria en sistemas.txt;1541;21;3;1
datos comestibles;Dificil;Video-02-Ingenieria en sistemas.txt;8036;17;13;1
acotar;Dificil;Video-02-Ingenieria en sistemas.txt;8545;6;14;3
técnicas de comunicación;Dificil;Video-03-Ingenieria en sistemas.txt;3676;24;6;1
discriminación;Dificil;Video-03-Ingenieria en sistemas.txt;7027;14;10;2
publicamos;Dificil;Video-04-Ingenieria en sistemas.txt;437;10;1;1
ya;Dificil;Video-04-Ingenieria en sistemas.txt;8239;2;11;1
precisión;Dificil;Video-03-Ingenieria en sistemas.txt;4865;9;8;2
si quiere describir la verdad deje la elegancia para los sastres;Dificil;Video-03-Ingenieria en sistemas.txt;6636;65;10;3
para yo para yo;Dificil;Video-04-Ingenieria en sistemas.txt;3331;15;6;1
figuraesquemas;Dificil;Video-04-Ingenieria en sistemas.txt;5725;15;10;3
valor;Dificil;Video-03-Ingenieria en sistemas.txt;877;5;2;1
dar;Dificil;Video-03-Ingenieria en sistemas.txt;2565;3;5;1
desagradable;Dificil;Video-04-Ingenieria en sistemas.txt;2891;12;5;1
síntesis;Dificil;Video-04-Ingenieria en sistemas.txt;1799;8;3;5
cita;Dificil;Video-04-Ingenieria en sistemas.txt;3142;4;5;1
artículos;Dificil;Video-05-Ingenieria en sistemas.txt;419;9;1;1
células;Dificil;Video-05-Ingenieria en sistemas.txt;674;7;2;2
método;Dificil;Video-05-Ingenieria en sistemas.txt;813;6;2;1
muestras;Dificil;Video-05-Ingenieria en sistemas.txt;1109;8;2;1
otorgaron;Dificil;Video-05-Ingenieria en sistemas.txt;1148;9;2;1
especie;Dificil;Video-05-Ingenieria en sistemas.txt;1777;7;3;1
distraída;Dificil;Video-05-Ingenieria en sistemas.txt;1789;9;3;1
anónimo;Dificil;Video-05-Ingenieria en sistemas.txt;1806;7;3;2
tratamiento;Dificil;Video-05-Ingenieria en sistemas.txt;2109;11;4;1
química;Dificil;Video-05-Ingenieria en sistemas.txt;2455;7;5;1
sida;Dificil;Video-05-Ingenieria en sistemas.txt;2486;4;5;1
publicación;Dificil;Video-05-Ingenieria en sistemas.txt;2832;11;5;1
redacción;Dificil;Video-05-Ingenieria en sistemas.txt;3062;9;6;2
recolecto;Dificil;Video-05-Ingenieria en sistemas.txt;3304;9;8;3
consentimiento;Dificil;Video-05-Ingenieria en sistemas.txt;3473;14;8;3
tomaron;Dificil;Video-05-Ingenieria en sistemas.txt;3351;7;8;1
enfermedad;Dificil;Video-05-Ingenieria en sistemas.txt;3824;10;9;1
certificado;Dificil;Video-05-Ingenieria en sistemas.txt;3599;11;9;1
preparación;Dificil;Video-05-Ingenieria en sistemas.txt;4380;11;10;1
deselecciona;Dificil;Video-05-Ingenieria en sistemas.txt;4841;12;10;2
transforma;Dificil;Video-05-Ingenieria en sistemas.txt;4127;10;9;1
utilizados;Dificil;Video-05-Ingenieria en sistemas.txt;4771;10;10;1
conocimiento;Dificil;Video-05-Ingenieria en sistemas.txt;2893;12;6;1
colega;Dificil;Video-05-Ingenieria en sistemas.txt;12;6;1;2
fundamento;Dificil;Video-05-Ingenieria en sistemas.txt;4458;10;10;1
biológicos;Dificil;Video-05-Ingenieria en sistemas.txt;4507;10;10;3
humanos;Dificil;Video-05-Ingenieria en sistemas.txt;4804;7;10;1
producto;Dificil;Video-05-Ingenieria en sistemas.txt;3962;8;9;1
superior;Dificil;Video-03-Ingenieria en sistemas.txt;397;8;1;1
acabó;Dificil;Video-03-Ingenieria en sistemas.txt;672;5;2;1
todos;Dificil;Video-03-Ingenieria en sistemas.txt;1095;5;2;1
cuestionarios;Dificil;Video-03-Ingenieria en sistemas.txt;1008;13;2;1
aplicación;Dificil;Video-03-Ingenieria en sistemas.txt;787;10;2;1
resultados;Dificil;Video-03-Ingenieria en sistemas.txt;189;10;1;1
obtuvo;Dificil;Video-03-Ingenieria en sistemas.txt;364;6;1;1
definitivamente;Dificil;Video-03-Ingenieria en sistemas.txt;2410;15;5;1
positiva;Dificil;Video-03-Ingenieria en sistemas.txt;1727;8;3;1
problemas;Dificil;Video-03-Ingenieria en sistemas.txt;1595;9;3;1
suficientes;Dificil;Video-03-Ingenieria en sistemas.txt;2737;11;5;1
elementos;Dificil;Video-03-Ingenieria en sistemas.txt;2775;9;5;1
darse;Dificil;Video-03-Ingenieria en sistemas.txt;4206;5;7;1
personalmente;Dificil;Video-03-Ingenieria en sistemas.txt;4970;13;8;1
información;Dificil;Video-03-Ingenieria en sistemas.txt;6125;11;9;1
indico;Dificil;Video-03-Ingenieria en sistemas.txt;6249;6;9;1
comestibles;Dificil;Video-02-Ingenieria en sistemas.txt;8042;11;13;2
búsqueda;Dificil;Video-02-Ingenieria en sistemas.txt;9537;8;15;2
guayaquil;Dificil;Video-02-Ingenieria en sistemas.txt;86;9;1;3
imprima;Dificil;Video-02-Ingenieria en sistemas.txt;528;7;2;2
página web;Dificil;Video-02-Ingenieria en sistemas.txt;149;10;1;1
etapas;Dificil;Video-02-Ingenieria en sistemas.txt;2213;6;4;1
biblioteca;Dificil;Video-02-Ingenieria en sistemas.txt;2909;10;5;2
título;Dificil;Video-02-Ingenieria en sistemas.txt;9956;6;15;1
alemán;Dificil;Video-02-Ingenieria en sistemas.txt;8353;6;13;1
tecnología;Dificil;Video-02-Ingenieria en sistemas.txt;3399;10;6;1
video;Dificil;Video-04-Ingenieria en sistemas.txt;0;5;0;1
hipótesis;Dificil;Video-03-Ingenieria en sistemas.txt;2215;9;4;2
domine;Dificil;Video-04-Ingenieria en sistemas.txt;9192;6;12;1
condicional;Dificil;Video-04-Ingenieria en sistemas.txt;7820;11;11;2
cronológicamente;Dificil;Video-02-Ingenieria en sistemas.txt;4037;16;7;1
deducir;Dificil;Video-03-Ingenieria en sistemas.txt;5336;7;8;2
virtuales;Dificil;Video-02-Ingenieria en sistemas.txt;334;9;1;1
comité;Dificil;Video-05-Ingenieria en sistemas.txt;4317;6;10;2
cometa;Dificil;Video-04-Ingenieria en sistemas.txt;1413;6;3;2
cifra digital;Dificil;Video-04-Ingenieria en sistemas.txt;3359;13;6;1
video;Dificil;Video-02-Ingenieria en sistemas.txt;0;5;0;1
software;Dificil;Video-04-Ingenieria en sistemas.txt;7163;8;11;2
entonces;Dificil;Video-04-Ingenieria en sistemas.txt;7243;8;11;1
sales;Dificil;Video-03-Ingenieria en sistemas.txt;4506;5;8;2
esquema;Dificil;Video-04-Ingenieria en sistemas.txt;5852;7;10;2
delimitado;Dificil;Video-04-Ingenieria en sistemas.txt;5387;10;9;2
tratamiento ultra sónico;Dificil;Video-05-Ingenieria en sistemas.txt;1892;24;3;2
repositorio de tesis;Dificil;Video-02-Ingenieria en sistemas.txt;1229;20;2;1
ofertas de vestiduras;Dificil;Video-02-Ingenieria en sistemas.txt;1910;21;3;2
continuación;Dificil;Video-04-Ingenieria en sistemas.txt;5078;12;8;1
norma;Dificil;Video-05-Ingenieria en sistemas.txt;47;5;1;1
percibir;Dificil;Video-03-Ingenieria en sistemas.txt;2009;8;3;1
figuras;Dificil;Video-03-Ingenieria en sistemas.txt;2512;7;5;2
técnicas;Dificil;Video-03-Ingenieria en sistemas.txt;3676;8;6;1
einstein;Dificil;Video-03-Ingenieria en sistemas.txt;6622;8;10;2
autónomo;Dificil;Video-02-Ingenieria en sistemas.txt;6281;8;10;1
precisa;Dificil;Video-05-Ingenieria en sistemas.txt;2866;7;5;1
reactivar;Dificil;Video-05-Ingenieria en sistemas.txt;4304;9;10;2
atributos;Dificil;Video-05-Ingenieria en sistemas.txt;4578;9;10;2
cita;Dificil;Video-05-Ingenieria en sistemas.txt;2172;4;4;1
artículos;Dificil;Video-03-Ingenieria en sistemas.txt;3910;9;6;1
búsquedas por;Dificil;Video-03-Ingenieria en sistemas.txt;1613;14;3;1
rango;Dificil;Video-03-Ingenieria en sistemas.txt;908;5;2;1
contribuya;Dificil;Video-03-Ingenieria en sistemas.txt;1292;10;3;1
capacidad sociable;Dificil;Video-03-Ingenieria en sistemas.txt;1968;18;3;1
impacto visual;Dificil;Video-03-Ingenieria en sistemas.txt;5020;14;8;1
tesis doctoral;Dificil;Video-03-Ingenieria en sistemas.txt;7115;14;10;1
auto;Dificil;Video-03-Ingenieria en sistemas.txt;3110;4;6;1
evaluado;Dificil;Video-03-Ingenieria en sistemas.txt;3115;8;6;1
fijadas;Dificil;Video-03-Ingenieria en sistemas.txt;6061;7;9;1
obsesión;Dificil;Video-03-Ingenieria en sistemas.txt;6891;8;10;1
poner como menor;Dificil;Video-04-Ingenieria en sistemas.txt;3394;16;6;1
cualquier cuatro;Dificil;Video-04-Ingenieria en sistemas.txt;8642;16;12;1
creo alianzas;Dificil;Video-04-Ingenieria en sistemas.txt;8316;13;11;1
no estadísticos;Dificil;Video-04-Ingenieria en sistemas.txt;6138;15;10;1
particularidad;Dificil;Video-04-Ingenieria en sistemas.txt;2256;14;4;3
software estadísticos;Dificil;Video-04-Ingenieria en sistemas.txt;8080;21;11;1
cartoprin;Dificil;Video-04-Ingenieria en sistemas.txt;1055;9;2;1
capacidad;Dificil;Video-03-Ingenieria en sistemas.txt;1968;9;3;1
estorba;Dificil;Video-03-Ingenieria en sistemas.txt;1355;7;3;1
márquetin;Dificil;Video-05-Ingenieria en sistemas.txt;4189;9;9;2
importante;Dificil;Video-03-Ingenieria en sistemas.txt;7205;10;10;1
elegancia;Dificil;Video-03-Ingenieria en sistemas.txt;6734;9;10;1
usuario;Dificil;Video-03-Ingenieria en sistemas.txt;4956;7;8;1
libertad;Dificil;Video-03-Ingenieria en sistemas.txt;5795;8;9;1
figura;Dificil;Video-03-Ingenieria en sistemas.txt;4596;6;8;1
muchísimo;Dificil;Video-03-Ingenieria en sistemas.txt;3885;9;6;1
hacerlo;Dificil;Video-03-Ingenieria en sistemas.txt;560;7;2;1
llevaría;Dificil;Video-02-Ingenieria en sistemas.txt;367;8;1;1
mundo;Dificil;Video-02-Ingenieria en sistemas.txt;6413;5;10;1
electrónicos;Dificil;Video-02-Ingenieria en sistemas.txt;6890;12;11;1
campos;Dificil;Video-02-Ingenieria en sistemas.txt;9651;6;15;1
palabras;Dificil;Video-02-Ingenieria en sistemas.txt;10301;8;16;1
de nadie pero hay;Dificil;Video-03-Ingenieria en sistemas.txt;80;18;1;1
forma;Dificil;Video-03-Ingenieria en sistemas.txt;451;5;1;1
una tabla;Dificil;Video-03-Ingenieria en sistemas.txt;120;9;1;1
se;Dificil;Video-04-Ingenieria en sistemas.txt;6857;2;10;1
vista taxonómico;Dificil;Video-05-Ingenieria en sistemas.txt;4698;16;10;1
capacidad intoxícate;Dificil;Video-05-Ingenieria en sistemas.txt;3932;20;9;1
no;Dificil;Video-02-Ingenieria en sistemas.txt;1464;2;2;1
certificado de tiempo;Dificil;Video-02-Ingenieria en sistemas.txt;539;21;2;1
análisis;Dificil;Video-04-Ingenieria en sistemas.txt;6046;8;10;1
estadísticos;Dificil;Video-04-Ingenieria en sistemas.txt;6055;12;10;1
estadístico;Dificil;Video-04-Ingenieria en sistemas.txt;6953;11;11;1
bibliográfica;Dificil;Video-05-Ingenieria en sistemas.txt;1569;13;3;1
composición;Dificil;Video-05-Ingenieria en sistemas.txt;4086;11;9;1
organismos;Dificil;Video-05-Ingenieria en sistemas.txt;4496;10;10;1
cuesta;Dificil;Video-03-Ingenieria en sistemas.txt;805;6;2;1
otra cosas importante;Dificil;Video-02-Ingenieria en sistemas.txt;6483;21;11;1
s;Dificil;Video-05-Ingenieria en sistemas.txt;620;1;2;1
o;Dificil;Video-03-Ingenieria en sistemas.txt;213;1;1;1
por;Dificil;Video-03-Ingenieria en sistemas.txt;5728;3;9;1
carilla;Dificil;Video-03-Ingenieria en sistemas.txt;6588;7;10;1
visual;Dificil;Video-03-Ingenieria en sistemas.txt;4618;6;8;1
enriquecer;Dificil;Video-03-Ingenieria en sistemas.txt;2092;10;3;1

